Song_Name,Artists,YouTube_Link,ViewCount,Release
Let's Stay Together,Al Green,https://www.youtube.com/watch?v=XXx6RDzR6eM,32787985,1972.0
Wake Me Up - Radio Edit,Avicii,https://www.youtube.com/watch?v=IcrbM1l_BoI,2482535634,2013.0
I Want To Break Free - Remastered 2011,Queen,https://www.youtube.com/watch?v=WUOtCLOXgm8,136150657,1984.0
Search Party!,The All-American Rejects,https://www.youtube.com/watch?v=qEv8WNkGsGk,1086826,2025.0
Imagine - Remastered 2010,John Lennon,https://www.youtube.com/watch?v=VOgFZfRVaww,130033028,1971.0
"Rocket Man (I Think It's Going To Be A Long, Long Time)",Elton John,https://www.youtube.com/watch?v=DtVBCG6ThDk,170835644,1972.0
Teri Meri,"Rahat Fateh Ali Khan, Shreya Ghoshal",https://www.youtube.com/watch?v=tyxswccv-VU,367600208,2011.0
Should I Stay or Should I Go - Remastered,The Clash,https://www.youtube.com/watch?v=BN1WwnEDWAM,143610974,1982.0
Hot Stuff,Donna Summer,https://www.youtube.com/watch?v=yg6Y_1_DJyI,39665647,1979.0
I Love Rock 'N Roll,Joan Jett & the Blackhearts,https://www.youtube.com/watch?v=iC8oP4Z_xPw,50192371,1981.0
Like a Virgin,Madonna,https://www.youtube.com/watch?v=s__rX_WL100,133190777,1984.0
"Sugar, Sugar",The Archies,https://www.youtube.com/watch?v=j3plj_Xplus,13012662,2007.0
Raabta,"Pritam, Arijit Singh",https://www.youtube.com/watch?v=zlt38OOqwDc,163087607,2012.0
Remedy,The Hourglass Effect,https://www.youtube.com/watch?v=W9D_QZvJLI4,4552853,2025.0
Yesterday - Remastered 2009,The Beatles,https://www.youtube.com/watch?v=wXTJBr9tt8Q,101143057,1965.0
Prem Ratan Dhan Payo,Palak Muchhal,https://www.youtube.com/watch?v=bPk9bSvQQoc,1020915897,2015.0
"Shout, Pts. 1 & 2",The Isley Brothers,https://www.youtube.com/watch?v=nEjLFpU2pJ4,10628485,1959.0
I'm a Believer,The Monkees,https://www.youtube.com/watch?v=4PQAqprjOuA,5346022,2008.0
Teri Ore,"Pritam, Rahat Fateh Ali Khan, Shreya Ghoshal, Mayur Puri",https://www.youtube.com/watch?v=CWfCp96-yck,181452340,2008.0
Kiss from a Rose,Seal,https://www.youtube.com/watch?v=yivLt9cTaio,16616934,1994.0
More Than a Feeling,Boston,https://www.youtube.com/watch?v=t4QK8RxCAwo,75167268,1976.0
Johnny B. Goode,Chuck Berry,https://www.youtube.com/watch?v=6swgiM9vSEE,99979150,1959.0
Tutti Frutti,Little Richard,https://www.youtube.com/watch?v=ZSx91WBQLpg,13318781,1957.0
La Bamba - Single Version,Ritchie Valens,https://www.youtube.com/watch?v=Coy8Hoa1DNw,42745946,1959.0
Somebody To Love - Remastered 2011,Queen,https://www.youtube.com/watch?v=kijpcUv-b8M,517104280,1976.0
Mr. Brightside,The Killers,https://www.youtube.com/watch?v=gGdGFtwCNBE,613656142,2004.0
Paranoid - 2012 - Remaster,Black Sabbath,https://www.youtube.com/watch?v=cen1SvpTsYk,101891890,1970.0
(We're Gonna) Rock Around The Clock,Bill Haley & His Comets,https://www.youtube.com/watch?v=hzYBEJgKjv0,9652623,1955.0
Light My Fire,The Doors,https://www.youtube.com/watch?v=mbj1RFaoyLk,40952377,1967.0
Respect,Aretha Franklin,https://www.youtube.com/watch?v=A134hShx_gw,13814962,1967.0
Love You Zindagi,"Amit Trivedi, Jasleen Royal, Kausar Munir",https://www.youtube.com/watch?v=bw7bVpI5VcM,114447698,2016.0
Saturday Saturday,"Shaarib Toshi, Badshah, Indeep Bakshi, Akriti Kakar",https://www.youtube.com/watch?v=OljkSVLIt6c,167606748,2014.0
The Breakup Song,"Pritam, Arijit Singh, Badshah, Jonita Gandhi, Nakash Aziz",https://www.youtube.com/watch?v=kd5KqlmcHNo,509179095,2016.0
I Want to Know What Love Is - 1999 Remaster,Foreigner,https://www.youtube.com/watch?v=r3Pr1_v7hsw,497468006,1984.0
Sajdaa,"Shankar-Ehsaan-Loy, Rahat Fateh Ali Khan, Shankar Mahadevan, Richa Sharma",https://www.youtube.com/watch?v=P4fzOSVy6-o,96201347,2010.0
Wouldn't It Be Nice,The Beach Boys,https://www.youtube.com/watch?v=dmcNbsLCpBQ,17618035,2012.0
Long Drive,Mika Singh,https://www.youtube.com/watch?v=PJm4xqwctNY,18245708,2012.0
These Boots Are Made For Walkin',Nancy Sinatra,https://www.youtube.com/watch?v=TDmidrIDB4o,20418494,1966.0
Purple Rain,Prince,https://www.youtube.com/watch?v=bm03wqLY3Nc,77041585,1984.0
See You Again (feat. Kali Uchis),"Tyler, The Creator, Kali Uchis",https://www.youtube.com/watch?v=NmvVhovjJI0,41799028,2017.0
Nothing Else Matters (Remastered),Metallica,https://www.youtube.com/watch?v=tAGnKpE4NCI,1560176774,1991.0
Song 2,Blur,https://www.youtube.com/watch?v=SSbBvKaM6sk,220094630,2000.0
Smoke on the Water,Deep Purple,https://www.youtube.com/watch?v=Q2FzZSBD5LE,26848898,1972.0
I Was Made For Lovin' You,KISS,https://www.youtube.com/watch?v=ZhIsAZO5gl0,955044502,1979.0
Main Rang Sharbaton Ka,"Atif Aslam, Chinmayi Sripaada, Pritam",https://www.youtube.com/watch?v=RBCk1SyC1PA,157447681,2013.0
My Girl,The Temptations,https://www.youtube.com/watch?v=szbI1vu-cCc,83012298,1965.0
Sweet Home Alabama,Lynyrd Skynyrd,https://www.youtube.com/watch?v=-p8GXZcdrIk,31970042,1974.0
Pour Some Sugar On Me,Def Leppard,https://www.youtube.com/watch?v=0UIB9Y4OFPs,168714862,1987.0
You Really Got Me,The Kinks,https://www.youtube.com/watch?v=fTTsY-oz6Go,34755171,1964.0
Pareshaan,"Amit Trivedi, Shalmali Kholgade, Kausar Munir",https://www.youtube.com/watch?v=zQl7zYkEP6M,36567778,2012.0
(What A) Wonderful World,Sam Cooke,https://www.youtube.com/watch?v=R4GLAKEjU4w,36933222,2000.0
drivers license,Olivia Rodrigo,https://www.youtube.com/watch?v=ZmDBbnmKpqQ,605433377,2021.0
What A Wonderful World,Louis Armstrong,https://www.youtube.com/watch?v=A3yCcXgbKrE,132056410,1968.0
Good Vibrations,The Beach Boys,https://www.youtube.com/watch?v=Eab_beh07HU,38922058,2012.0
Hound Dog,Elvis Presley,https://www.youtube.com/watch?v=-eHJ12Vhpyc,40875640,1958.0
Enter Sandman (Remastered),Metallica,https://www.youtube.com/watch?v=CD-E-LDc384,757748887,1991.0
I Want To Hold Your Hand - Remastered 2015,The Beatles,https://www.youtube.com/watch?v=v1HDt1tknTc,42963744,2000.0
Listen to the Music,The Doobie Brothers,https://www.youtube.com/watch?v=DkytJLoxGmQ,44284430,1972.0
Bridge Over Troubled Water,Simon & Garfunkel,https://www.youtube.com/watch?v=4G-YQA_bsOU,45728714,1970.0
"I Don't Want to Miss a Thing - From ""Armageddon"" Soundtrack",Aerosmith,https://www.youtube.com/watch?v=bn8QPRYWAdk,93474454,1998.0
All I Have to Do Is Dream,The Everly Brothers,https://www.youtube.com/watch?v=tbU3zdAgiX8,49142119,1964.0
"December, 1963 (Oh What a Night!)",The Four Seasons,https://www.youtube.com/watch?v=mTUhnIY3oRM,49261592,2003.0
Ain't No Sunshine,Bill Withers,https://www.youtube.com/watch?v=Nuanwn3v-2I,52346079,1971.0
Go Your Own Way - 2004 Remaster,Fleetwood Mac,https://www.youtube.com/watch?v=p8Ojjn35kP8,52736471,1977.0
Superstition - Single Version,Stevie Wonder,https://www.youtube.com/watch?v=0CFuCYNx-1g,176020648,2002.0
"Party On My Mind (From ""Race 2"")","KK, Shefali Alvares, Yo Yo Honey Singh, Pritam",https://www.youtube.com/watch?v=UJpjx0ssWHE,68488640,2014.0
The Lion Sleeps Tonight (Wimoweh),The Tokens,https://www.youtube.com/watch?v=OQlByoPdG6c,57606474,1994.0
Like a Rolling Stone,Bob Dylan,https://www.youtube.com/watch?v=IwOfCgkyEj0,58603984,1965.0
A Whiter Shade of Pale - Original Single Version,Procol Harum,https://www.youtube.com/watch?v=z0vCwGUZe1I,58872178,2019.0
American Pie,Don McLean,https://www.youtube.com/watch?v=PRpiBpDy7MQ,60561425,1971.0
Uff Teri Adaa,"Shankar Mahadevan, Alyssa Mendonsa",https://www.youtube.com/watch?v=-rSOvmWRG4Y,61017282,2010.0
Jee Le Zaraa,"Vishal Dadlani, Ram Sampath, Javed Akhtar",https://www.youtube.com/watch?v=fhs6wYi4Jr0,62101711,2012.0
"Raat Bhar (From ""Heropanti"")","Arijit Singh, Shreya Ghoshal",https://www.youtube.com/watch?v=AYcxiROIktI,113388963,2019.0
Hit the Road Jack (Remastered),Ray Charles,https://www.youtube.com/watch?v=uSiHqxgE2d0,65029071,2011.0
Muskurane - Romantic,"Jeet Gannguli, Arijit Singh, Rashmi Virag",https://www.youtube.com/watch?v=HQ4Ox7mLqds,66350165,2014.0
Senorita,"Farhan Akhtar, Hrithik Roshan, Abhay Deol, Maria Del Mar Fernandez",https://www.youtube.com/watch?v=yDv0WSgXJVg,145440088,2011.0
"Another Brick In The Wall, Pt. 2 - 2011 Remastered Version",Pink Floyd,https://www.youtube.com/watch?v=krYK1jWz0Lo,68921435,1979.0
Stairway to Heaven - Remaster,Led Zeppelin,https://www.youtube.com/watch?v=QkF3oxziUI4,160043933,1971.0
Gulabi,"Sachin-Jigar, Jigar Saraiya, Priya Saraiya, Jaideep Sahni",https://www.youtube.com/watch?v=E4ZJxhyAaH8,73443363,2013.0
How You Remind Me,Nickelback,https://www.youtube.com/watch?v=1cQh1ccqu8M,591836642,2001.0
"Pani Da Rang Male (From ""Vicky Donor"")",Ayushmann Khurrana,https://www.youtube.com/watch?v=2kgEc6oH9J0,97860106,2012.0
Te Amo (Duet),"Pritam, Ash King, Sunidhi Chauhan",https://www.youtube.com/watch?v=3N3n23loy24,81814189,2011.0
I Want You Back,The Jackson 5,https://www.youtube.com/watch?v=y2bVIBwpCTA,83574243,1969.0
Ain't No Mountain High Enough,"Marvin Gaye, Tammi Terrell",https://www.youtube.com/watch?v=ABfQuZqq8wg,83423188,1967.0
Bahara,"Vishal-Shekhar, Shreya Ghoshal, Sona Mohapatra",https://www.youtube.com/watch?v=_VOXxKDNCuM,83430238,2010.0
Free Bird,Lynyrd Skynyrd,https://www.youtube.com/watch?v=MQNRKX8GwPo,13726536,1973.0
Twist And Shout - Remastered 2009,The Beatles,https://www.youtube.com/watch?v=2RicaUqd9Hg,91367554,1963.0
Saree Ke Fall Sa,"Nakash Aziz, Antara Mitra",https://www.youtube.com/watch?v=A04WawrDblo,92162268,2013.0
Sweet Caroline,Neil Diamond,https://www.youtube.com/watch?v=ty1dwBCR6D0,91914618,1969.0
Born in the U.S.A.,Bruce Springsteen,https://www.youtube.com/watch?v=EPhWR4d3FJQ,99144600,1984.0
Meherbaan,"Shilpa Rao, Ash King, Shekhar Ravjiani",https://www.youtube.com/watch?v=_JND3HuOmDM,101656193,2014.0
Mast Magan,"Arijit Singh, Chinmayi",https://www.youtube.com/watch?v=fXRvluHnjxE,134993135,2014.0
Call Me,Blondie,https://www.youtube.com/watch?v=o3hHsVtqNFQ,111063913,2004.0
Saadi Galli Aaja,"Rochak Kohli, Ayushmann Khurrana, Neeti Mohan",https://www.youtube.com/watch?v=cU3IO6Am65o,113051336,2013.0
Master of Puppets (Remastered),Metallica,https://www.youtube.com/watch?v=E0ozmU9cJDg,115223938,1986.0
Dilliwaali Girlfriend,"Arijit Singh, Sunidhi Chauhan",https://www.youtube.com/watch?v=1cDoRqPnCXU,120373784,2017.0
Ambarsariya,"Sona Mohapatra, Ram Sampath, Munna Dhiman",https://www.youtube.com/watch?v=9UDkYz64ehA,124190741,2013.0
Brown Eyed Girl,Van Morrison,https://www.youtube.com/watch?v=UfmkgQRmmeE,125104780,1967.0
Don't Go Breaking My Heart,"Elton John, Kiki Dee",https://www.youtube.com/watch?v=z0qW9P-uYfM,126270415,1975.0
Fast Car,Tracy Chapman,https://www.youtube.com/watch?v=AIOAlaACuv4,129654215,1988.0
Jeena Jeena,"Sachin-Jigar, Atif Aslam, Priya Saraiya",https://www.youtube.com/watch?v=zFdi834FiZ4,130970719,2014.0
Kill Bill,SZA,https://www.youtube.com/watch?v=MSRcC626prw,133873674,2022.0
Nagada Sang Dhol,"Sanjay Leela Bhansali, Shreya Ghoshal, Osman Mir, Siddharth - Garima",https://www.youtube.com/watch?v=3X7x4Ye-tqo,135816146,2013.0
Immigrant Song - Remaster,Led Zeppelin,https://www.youtube.com/watch?v=y8OtzJtp-EM,137047425,1970.0
Jiya Re,"A.R. Rahman, Neeti Mohan, Gulzar",https://www.youtube.com/watch?v=smn3mDBOUy4,139541824,2012.0
Space Oddity - 2015 Remaster,David Bowie,https://www.youtube.com/watch?v=iYYRH4apXDo,144334139,1969.0
(Sittin' On) the Dock of the Bay,Otis Redding,https://www.youtube.com/watch?v=rTVjnBo96Ug,146785370,1968.0
I Will Survive - Single Version,Gloria Gaynor,https://www.youtube.com/watch?v=6dYWe1c3OyU,147516556,1993.0
Come Together - Remastered 2009,The Beatles,https://www.youtube.com/watch?v=45cYwDMibGo,151911484,1969.0
Titli,"Vishal-Shekhar, Chinmayi, Gopi Sundar",https://www.youtube.com/watch?v=V8zXLMIjlcw,165547910,2013.0
Mr. Blue Sky,Electric Light Orchestra,https://www.youtube.com/watch?v=wuJIqmha2Hk,166526226,1977.0
Ik Vaari Aa,"Pritam, Arijit Singh, Amitabh Bhattacharya",https://www.youtube.com/watch?v=zXLgYBSdv74,171363370,2017.0
September,"Earth, Wind & Fire",https://www.youtube.com/watch?v=3cKtSlsYVEU,179700243,2018.0
House of the Rising Sun,The Animals,https://www.youtube.com/watch?v=N4bFqW_eu2I,184060690,1987.0
(I Can't Get No) Satisfaction - Mono,The Rolling Stones,https://www.youtube.com/watch?v=nrIPxlFzDi0,188568496,1965.0
Jhalla Wallah,"Amit Trivedi, Shreya Ghoshal, Kausar Munir",https://www.youtube.com/watch?v=fqjXS7X9_5s,193331635,2012.0
Dream On,Aerosmith,https://www.youtube.com/watch?v=89dGC8de0CA,193911081,1973.0
Radha,"Vishal-Shekhar, Shreya Ghoshal, Udit Narayan, Vishal Dadlani, Shekhar Ravjiani",https://www.youtube.com/watch?v=52deq20h6Q4,199369700,2012.0
With Or Without You,U2,https://www.youtube.com/watch?v=ujNeHIo7oTE,204145116,1987.0
Yaar Naa Miley,"Yo Yo Honey Singh, Jasmine Sandlas",https://www.youtube.com/watch?v=iMmKHLFZn10,204579263,2014.0
Let It Be - Remastered 2009,The Beatles,https://www.youtube.com/watch?v=QDYfEBY9NM4,206795283,1970.0
Dreams - 2004 Remaster,Fleetwood Mac,https://www.youtube.com/watch?v=5oWyMakvQew,210306734,1977.0
Fortunate Son,Creedence Clearwater Revival,https://www.youtube.com/watch?v=ZWijx_AgPiA,211557741,1969.0
Character Dheela,"Pritam, Neeraj Shridhar, Amrita Kak",https://www.youtube.com/watch?v=ruEQPQX90fI,212569548,2011.0
"Baby Doll (From ""Ragini Mms 2"")","Meet Bros Anjjan, Kanika Kapoor",https://www.youtube.com/watch?v=yP9KiFTyBks,225282795,2017.0
Riptide,Vance Joy,https://www.youtube.com/watch?v=lYoWuaw5nSk,230261143,2014.0
Subhanallah,"Pritam, Sreeram, Shilpa Rao",https://www.youtube.com/watch?v=QYO6AlxiRE4,242569316,2013.0
Tu Meri,"Vishal-Shekhar, Vishal Dadlani",https://www.youtube.com/watch?v=YAOIbHBEvi0,245976814,2014.0
Saans,"A.R. Rahman, Shreya Ghoshal, Mohit Chauhan, Gulzar",https://www.youtube.com/watch?v=VAt6TO2gdko,246016645,2012.0
"I'll Be Missing You (feat. Faith Evans, 112)","Diddy, Faith Evans, 112",https://www.youtube.com/watch?v=pNPf-aP-bsA,248448120,2004.0
Whole Lotta Love - 1990 Remaster,Led Zeppelin,https://www.youtube.com/watch?v=HQmmM_qwG4k,251339613,1969.0
Kashmir Main Tu Kanyakumari,"Vishal-Shekhar, Sunidhi Chauhan, Arijit Singh, Neeti Mohan",https://www.youtube.com/watch?v=dodDteh-m3Q,259756213,2013.0
All Along the Watchtower,Jimi Hendrix,https://www.youtube.com/watch?v=TLV4_xaYynY,265398578,1968.0
Cruel Summer,Taylor Swift,https://www.youtube.com/watch?v=ic8j13piAhQ,267130911,2019.0
"Tum Hi Ho Bandhu (From ""Cocktail"")","Neeraj Shridhar, Kavita Seth, Pritam",https://www.youtube.com/watch?v=o1RducJbUdc,271104326,2012.0
"Daaru Desi (From ""Cocktail"")","Benny Dayal, Shalmali Kholgade, Pritam",https://www.youtube.com/watch?v=o1RducJbUdc,271469052,2012.0
Jumme Ki Raat,"Mika Singh, Palak Muchhal, Himesh Reshammiya, Kumaar, Shabbir Ahmed",https://www.youtube.com/watch?v=dv_Qjzca56k,271524280,2014.0
Jailhouse Rock,Elvis Presley,https://www.youtube.com/watch?v=gj0Rz-uP4Mk,277018854,1958.0
House Of The Rising Sun,The Animals,https://www.youtube.com/watch?v=4-43lLKaqBQ,277464285,1964.0
Jump,Van Halen,https://www.youtube.com/watch?v=SwYN7mTi6HM,288014686,1996.0
We Are The Champions,Queen,https://www.youtube.com/watch?v=04854XqcfCY,288345550,1977.0
Piano Man,Billy Joel,https://www.youtube.com/watch?v=gxEPV4kolz0,288360570,2001.0
Lucid Dreams,Juice WRLD,https://www.youtube.com/watch?v=hHtv2XMZlKs,294939462,2018.0
Tune Maari Entriyaan,"Sohail Sen, Vishal Dadlani, KK, Neeti Mohan, Bappi Lahiri, Irshad Kamil",https://www.youtube.com/watch?v=2I3NgxDAiqE,297621922,2013.0
Subha Hone Na De,"Pritam, Mika Singh, Shefali Alvares",https://www.youtube.com/watch?v=Y7G-tYRzwYY,307472059,2011.0
Summer Of '69,Bryan Adams,https://www.youtube.com/watch?v=eFjjO_lhf9c,309273925,1984.0
"Malang (Title Track) [From ""Malang - Unleash The Madness""]","Ved Sharma, Kunaal Vermaa",https://www.youtube.com/watch?v=KBIq11mNB0I,319576540,2020.0
Sooraj Dooba Hain,"Amaal Mallik, Arijit Singh, Aditi Singh Sharma, Kumaar",https://www.youtube.com/watch?v=nJZcbidTutE,324355562,2015.0
"Oh, Pretty Woman",Roy Orbison,https://www.youtube.com/watch?v=3KFvoDDs0XM,325570738,1962.0
Sadi Gali,"Lehmber Hussainpuri, Raj Shekhar",https://www.youtube.com/watch?v=w_HaezV0DqI,325600309,2011.0
Under the Bridge,Red Hot Chili Peppers,https://www.youtube.com/watch?v=GLvohMXgcBo,331814486,1991.0
"Tere Liye (From ""Prince"")","Atif Aslam, Shreya Ghoshal",https://www.youtube.com/watch?v=AlvUuGJccKs,336053620,2014.0
No Role Modelz,J. Cole,https://www.youtube.com/watch?v=8HBcV0MtAQg,337778955,2014.0
Tu Jaane Na,"Pritam, Atif Aslam",https://www.youtube.com/watch?v=P8PWN1OmZOA,341455871,2009.0
"High Rated Gabru (From ""Nawabzaade"")",Guru Randhawa,https://www.youtube.com/watch?v=DxCfhmYe-Cw,352316901,2018.0
"London Thumakda (From ""Queen"")","Labh Janjua, Sonu Kakkar, Neha Kakkar",https://www.youtube.com/watch?v=udra3Mfw2oo,356173862,2018.0
One Dance,"Drake, Wizkid, Kyla",https://www.youtube.com/watch?v=ki0Ocze98U8,361100965,2016.0
Tere Sang Yaara,"Atif Aslam, Manoj Muntashir",https://www.youtube.com/watch?v=gIOea2pgfIo,362603830,2016.0
Samjhawan,"Jawad Ahmad, Shaarib Toshi, Arijit Singh, Shreya Ghoshal",https://www.youtube.com/watch?v=H2f7MZaw3Yo,365632223,2014.0
"Lat Lag Gayee (From ""Race 2"")","Benny Dayal, Shalmali Kholgade",https://www.youtube.com/watch?v=KxCjVIFxZNo,369910033,2012.0
Manwa Laage,"Vishal-Shekhar, Shreya Ghoshal, Arijit Singh, Irshad Kamil",https://www.youtube.com/watch?v=d8IT-16kA8M,376237915,2014.0
Lose Yourself,Eminem,https://www.youtube.com/watch?v=xFYQQPAOz7Y,384627044,2014.0
Welcome to the Black Parade,My Chemical Romance,https://www.youtube.com/watch?v=RRKJiM9Njr8,394271282,2006.0
Don't You (Forget About Me) - Remastered 2001,Simple Minds,https://www.youtube.com/watch?v=CdqoNKCCt7A,395175958,2013.0
You Shook Me All Night Long,AC/DC,https://www.youtube.com/watch?v=Lo2qQmj0_h4,396332165,1980.0
Basket Case,Green Day,https://www.youtube.com/watch?v=NUTGr5t3MoY,397785529,1994.0
Sheila Ki Jawani,"Vishal-Shekhar, Sunidhi Chauhan, Vishal Dadlani",https://www.youtube.com/watch?v=ZTmF2v59CtI,402686909,2010.0
Watermelon Sugar,Harry Styles,https://www.youtube.com/watch?v=E07s5ZYygMg,414081309,2019.0
Sweater Weather,The Neighbourhood,https://www.youtube.com/watch?v=Ao81ziiXHhs,414418750,2013.0
Don't Stop Believin',Journey,https://www.youtube.com/watch?v=VcjzHMhBtf0,415686979,1981.0
Highway to Hell,AC/DC,https://www.youtube.com/watch?v=l482T0yNkeo,423651134,1979.0
You Give Love A Bad Name,Bon Jovi,https://www.youtube.com/watch?v=KrZHPOeOxQQ,428830690,1986.0
Hey Jude,The Beatles,https://www.youtube.com/watch?v=A_MjCqQoLLA,433719938,2006.0
Hey Jude - Remastered 2015,The Beatles,https://www.youtube.com/watch?v=A_MjCqQoLLA,433719938,2000.0
The Night We Met,Lord Huron,https://www.youtube.com/watch?v=KtlgYxa6BMU,442284085,2015.0
Don't Stop 'Til You Get Enough,Michael Jackson,https://www.youtube.com/watch?v=yURRmWtbTbo,453803215,1979.0
Balam Pichkari,"Pritam, Vishal Dadlani, Shalmali Kholgade",https://www.youtube.com/watch?v=0WtRNGubWGA,463385681,2013.0
"Tum Hi Ho (From ""Aashiqui 2"")",Arijit Singh,https://www.youtube.com/watch?v=Umqb9KENgmk,466232162,2019.0
Ishq Sufiyana (Male),"Vishal-Shekhar, Kamal Khan",https://www.youtube.com/watch?v=5RT6QMKJTjQ,480290298,2011.0
"Ghungroo (From ""War"")","Vishal-Shekhar, Arijit Singh, Shilpa Rao, Kumaar",https://www.youtube.com/watch?v=qFkNATtc3mc,487145545,2019.0
Badtameez Dil,"Pritam, Benny Dayal, Shefali Alvares",https://www.youtube.com/watch?v=II2EO3Nw4m0,491334092,2013.0
"Sunny Sunny (From ""Yaariyan"")","Yo Yo Honey Singh, Neha Kakkar",https://www.youtube.com/watch?v=MXJCnccDLA0,492336435,2018.0
Sultans Of Swing,Dire Straits,https://www.youtube.com/watch?v=h0ffIJ7ZO4U,494151321,1978.0
Wonderwall,Oasis,https://www.youtube.com/watch?v=bx1Bh8ZvH84,495939975,1995.0
Chikni Chameli,"Ajay-Atul, Shreya Ghoshal",https://www.youtube.com/watch?v=MQM7CNoAsBI,496154671,2011.0
Espresso,Sabrina Carpenter,https://www.youtube.com/watch?v=eVli-tstM5E,498373664,2024.0
"Galliyan (From ""Ek Villain"")",Ankit Tiwari,https://www.youtube.com/watch?v=FxAG_11PzCk,504695911,2017.0
Hotel California - 2013 Remaster,Eagles,https://www.youtube.com/watch?v=BciS5krYL80,517068014,1976.0
"Kaun Tujhe (From ""M.S.Dhoni - The Untold Story"")",Palak Muchhal,https://www.youtube.com/watch?v=atVof3pjT-I,519193708,2016.0
Nashe Si Chadh Gayi,"Arijit Singh, Caralisa Monteiro",https://www.youtube.com/watch?v=HoCwa6gnmM0,529792496,2019.0
"Tera Hone Laga Hoon (From ""Ajab Prem Ki Ghazab Kahani"")","Atif Aslam, Alisha Chinai",https://www.youtube.com/watch?v=rTuxUAuJRyY,529980309,2014.0
Die For You,The Weeknd,https://www.youtube.com/watch?v=YQ-qToZUybM,533177918,2016.0
Nothing Compares 2 U,Sinéad O'Connor,https://www.youtube.com/watch?v=0-EF60neguk,539740621,1990.0
All Star,Smash Mouth,https://www.youtube.com/watch?v=L_jWHffIx5E,541666277,1999.0
Wake Me Up Before You Go-Go,Wham!,https://www.youtube.com/watch?v=pIgZ7gMze7A,544718008,1984.0
Have You Ever Seen The Rain,Creedence Clearwater Revival,https://www.youtube.com/watch?v=u1V8YRJnr4Q,552316003,1970.0
Everybody Wants To Rule The World,Tears For Fears,https://www.youtube.com/watch?v=aGCdLKXNF3w,553020364,1985.0
Seven (feat. Latto) (Explicit Ver.),"Jung Kook, Latto",https://www.youtube.com/watch?v=QU9c0053UAU,566483061,2023.0
Stand By Me,Ben E. King,https://www.youtube.com/watch?v=hwZNL7QVJjE,575414250,1962.0
Take Me To Church,Hozier,https://www.youtube.com/watch?v=MYSVMgRr6pw,582429199,2014.0
"Paint It, Black",The Rolling Stones,https://www.youtube.com/watch?v=O4irXQhgMqg,594346622,1966.0
"All The Stars (with SZA) - From ""Black Panther: The Album""","Kendrick Lamar, SZA",https://www.youtube.com/watch?v=JQbjS0_ZfJ0,608439533,2018.0
BIRDS OF A FEATHER,Billie Eilish,https://www.youtube.com/watch?v=V9PVRfjEBTI,617985053,2024.0
Main Tera Boyfriend,"Arijit Singh, Neha Kakkar, Meet Bros., Sourav Roy, Sohrabuddin, Kumaar, Jitendra Raghuvanshi",https://www.youtube.com/watch?v=FQS7i2z1CoA,619444830,2017.0
"Gerua (From ""Dilwale"")","Pritam, Arijit Singh, Antara Mitra",https://www.youtube.com/watch?v=AEIVhBS6baE,624609032,2015.0
Chammak Challo,"Vishal-Shekhar, Akon, Hamsika Iyer, Vishal Dadlani, Niranjan Iyengar",https://www.youtube.com/watch?v=oAVhUAaVCVQ,629663411,2011.0
We Will Rock You,Queen,https://www.youtube.com/watch?v=-tJYN-eG1zk,656351427,1977.0
Come As You Are,Nirvana,https://www.youtube.com/watch?v=vabnZ9-ex7o,657000453,1991.0
Welcome To The Jungle,Guns N' Roses,https://www.youtube.com/watch?v=o1tj2zJ2Wvg,661909483,1987.0
Iris,The Goo Goo Dolls,https://www.youtube.com/watch?v=NdYWuo9OFAw,680167675,1998.0
Another One Bites The Dust - Remastered 2011,Queen,https://www.youtube.com/watch?v=rY0WxgSXdEE,682735966,1980.0
Ae Dil Hai Mushkil Title Track,"Pritam, Arijit Singh",https://www.youtube.com/watch?v=6FURuLYrR_Q,683219952,2016.0
Killing Me Softly With His Song,"Fugees, Ms. Lauryn Hill",https://www.youtube.com/watch?v=oKOtzIo-uYw,733512517,1996.0
Don't Start Now,Dua Lipa,https://www.youtube.com/watch?v=oygrmJFKYZY,752268938,2020.0
Circles,Post Malone,https://www.youtube.com/watch?v=wXhTHyIgQ_U,765131093,2019.0
Seven Nation Army,The White Stripes,https://www.youtube.com/watch?v=0J2QdDbelmY,780914986,2003.0
I Wanna Be Yours,Arctic Monkeys,https://www.youtube.com/watch?v=nyuo9-OjNNg,796200930,2013.0
Hookah Bar,"Himesh Reshammiya, Vineet Singh, Aaman Trikha",https://www.youtube.com/watch?v=b4b1cMVZOUU,798935883,2012.0
"Jeene Laga Hoon (From ""Ramaiya Vastavaiya"")","Atif Aslam, Shreya Ghoshal",https://www.youtube.com/watch?v=qpIdoaaPa6U,821771593,2013.0
Beautiful Things,Benson Boone,https://www.youtube.com/watch?v=Oa_RSwwpPaA,843280265,2024.0
Heat Waves,Glass Animals,https://www.youtube.com/watch?v=mRD0-GxqHVo,848566795,2020.0
Shallow,"Lady Gaga, Bradley Cooper",https://www.youtube.com/watch?v=JPJjwHAIny4,853093326,2018.0
As It Was,Harry Styles,https://www.youtube.com/watch?v=H5v3kku4y6Q,889533095,2022.0
Paradise City,Guns N' Roses,https://www.youtube.com/watch?v=Rbm6GXllBiw,892997329,1987.0
Boulevard of Broken Dreams,Green Day,https://www.youtube.com/watch?v=Soa3gO7tL-c,905628887,2017.0
Don't Stop Me Now,Queen,https://www.youtube.com/watch?v=HgzGwKwLmgM,960059905,1978.0
Chittiyaan Kalaiyaan,"Meet Bros Anjjan, Kanika Kapoor, Kumaar",https://www.youtube.com/watch?v=zpsVpnvFfZQ,968012940,2015.0
One Kiss (with Dua Lipa),"Calvin Harris, Dua Lipa",https://www.youtube.com/watch?v=DkeiKbqa02g,975188668,2018.0
Blinding Lights,The Weeknd,https://www.youtube.com/watch?v=4NRXx6U8ABQ,980383714,2020.0
Viva La Vida,Coldplay,https://www.youtube.com/watch?v=dvgZkm1xWPE,1014569139,2008.0
STAY (with Justin Bieber),"The Kid LAROI, Justin Bieber",https://www.youtube.com/watch?v=kTJczUoc26U,1046425556,2021.0
Feel Good Inc.,"Gorillaz, De La Soul",https://www.youtube.com/watch?v=HyHNuVaZJ-k,1061723531,2005.0
HUMBLE.,Kendrick Lamar,https://www.youtube.com/watch?v=tvTRZJ-4EyI,1081311691,2017.0
goosebumps,Travis Scott,https://www.youtube.com/watch?v=Dst9gZkq1a8,1104230873,2016.0
Another Love,Tom Odell,https://www.youtube.com/watch?v=MwpMEbgC7DA,1112976612,2013.0
Kala Chashma,"Prem & Hardeep, Amar Arshi, Badshah, Neha Kakkar, Indeep Bakshi, Amrik Singh",https://www.youtube.com/watch?v=k4yXQkG2s1E,1122643686,2016.0
Flowers,Miley Cyrus,https://www.youtube.com/watch?v=G7KNmW9a75Y,1134672466,2023.0
Can't Hold Us (feat. Ray Dalton),"Macklemore, Ryan Lewis, Macklemore & Ryan Lewis, Ray Dalton",https://www.youtube.com/watch?v=2zNSgSzhBfM,1149082797,2012.0
Eye of the Tiger,Survivor,https://www.youtube.com/watch?v=btPJPFnesV4,1150340505,1985.0
Someone You Loved,Lewis Capaldi,https://www.youtube.com/watch?v=zABLecsR5UE,1156609527,2019.0
Abhi Toh Party Shuru Hui Hai,"Badshah, Aastha Gill",https://www.youtube.com/watch?v=8LZgzAZ2lpQ,1161092153,2014.0
Back In Black,AC/DC,https://www.youtube.com/watch?v=pAgnJDJN4VA,1163768684,1980.0
Phir Bhi Tumko Chaahunga,"Mithoon, Manoj Muntashir, Arijit Singh, Shashaa Tirupati",https://www.youtube.com/watch?v=_iktURk0X-A,1177672252,2017.0
Africa,TOTO,https://www.youtube.com/watch?v=FTQbiNvZqaY,1191560626,1982.0
Locked out of Heaven,Bruno Mars,https://www.youtube.com/watch?v=e-fA-gBCkj0,1198931025,2012.0
Don't Speak,No Doubt,https://www.youtube.com/watch?v=TR3Vdo5etCQ,1212350806,1995.0
Beat It,Michael Jackson,https://www.youtube.com/watch?v=oRdxUFDoQe0,1228540010,1982.0
Demons,Imagine Dragons,https://www.youtube.com/watch?v=mWRsgZuwf_8,1241240726,2012.0
Yellow,Coldplay,https://www.youtube.com/watch?v=yKNxeF4KMsY,1248132555,2000.0
rockstar,"Post Malone, 21 Savage",https://www.youtube.com/watch?v=UceaB4D0jpo,1289403761,2017.0
Californication,Red Hot Chili Peppers,https://www.youtube.com/watch?v=YlUKcNNmywk,1309061063,1999.0
Creep,Radiohead,https://www.youtube.com/watch?v=XFkzRNyygfk,1309953226,1993.0
The Scientist,Coldplay,https://www.youtube.com/watch?v=RB-RcX5DS5A,1313346980,2002.0
bad guy,Billie Eilish,https://www.youtube.com/watch?v=DyDfgMOUjCI,1327866078,2019.0
The Final Countdown,Europe,https://www.youtube.com/watch?v=9jK-NcRmVcw,1363849599,1986.0
Livin' On A Prayer,Bon Jovi,https://www.youtube.com/watch?v=lDK9QqIzhwk,1368506469,1986.0
There's Nothing Holdin' Me Back,Shawn Mendes,https://www.youtube.com/watch?v=dT2owtxkU8k,1384584581,2017.0
Losing My Religion,R.E.M.,https://www.youtube.com/watch?v=xwtdhWltSIg,1386681430,1991.0
Die With A Smile,"Lady Gaga, Bruno Mars",https://www.youtube.com/watch?v=kPa7bsKwL-c,1403913920,2024.0
Photograph,Ed Sheeran,https://www.youtube.com/watch?v=nSDgHBxUbVQ,1473270146,2014.0
Careless Whisper,George Michael,https://www.youtube.com/watch?v=izGwDsrQ1eQ,1481916910,1998.0
Chop Suey!,System Of A Down,https://www.youtube.com/watch?v=CSvFpBOe8eY,1506646376,2001.0
When I Was Your Man,Bruno Mars,https://www.youtube.com/watch?v=ekzHIouo8Q4,1508220739,2012.0
Every Breath You Take,The Police,https://www.youtube.com/watch?v=OMOGaugKpzs,1533252751,1983.0
Radioactive,Imagine Dragons,https://www.youtube.com/watch?v=ktvTqknDobU,1539263428,2012.0
7 rings,Ariana Grande,https://www.youtube.com/watch?v=QYh6mYIJG2Y,1539651887,2019.0
Girls Just Want to Have Fun,Cyndi Lauper,https://www.youtube.com/watch?v=PIb6AZdTr-A,1616580900,1983.0
Bring Me To Life,Evanescence,https://www.youtube.com/watch?v=3YxaaGgTQYM,1632560837,2003.0
Thunderstruck,AC/DC,https://www.youtube.com/watch?v=v2AC41dglnM,1640079714,1990.0
God's Plan,Drake,https://www.youtube.com/watch?v=xpVfcZ0ZcFM,1665156294,2018.0
Zombie,The Cranberries,https://www.youtube.com/watch?v=6Ejga4kJUts,1755191880,1994.0
Love Yourself,Justin Bieber,https://www.youtube.com/watch?v=oyEuk8j8imI,1797370381,2015.0
Say You Won't Let Go,James Arthur,https://www.youtube.com/watch?v=0yW7w8F2TVA,1800923806,2016.0
Let Me Love You,"DJ Snake, Justin Bieber",https://www.youtube.com/watch?v=euCqAq6BRa4,1816682609,2016.0
Do I Wanna Know?,Arctic Monkeys,https://www.youtube.com/watch?v=bpOSxM0rNPM,1820463770,2013.0
I Will Always Love You,Whitney Houston,https://www.youtube.com/watch?v=3JWTaaS7LdU,1823790434,1992.0
Sweet Child O' Mine,Guns N' Roses,https://www.youtube.com/watch?v=1w7OgIMMRc4,1852598713,1987.0
Unforgettable,"French Montana, Swae Lee",https://www.youtube.com/watch?v=CTFtOOh47oo,1870551501,2017.0
Señorita,"Shawn Mendes, Camila Cabello",https://www.youtube.com/watch?v=Pkh8UtuejGw,1881816028,2019.0
Gangsta's Paradise,"Coolio, L.V.",https://www.youtube.com/watch?v=fPO76Jlnz6c,1883900629,1995.0
Billie Jean,Michael Jackson,https://www.youtube.com/watch?v=Zi_XLOBDo_Y,1965093299,2008.0
Bohemian Rhapsody - Remastered 2011,Queen,https://www.youtube.com/watch?v=fJ9rUzIMcZQ,1992724856,1975.0
What's Up?,4 Non Blondes,https://www.youtube.com/watch?v=6NXnxTNIWkc,2030384287,1992.0
Smells Like Teen Spirit,Nirvana,https://www.youtube.com/watch?v=hTWKbfoikeg,2083392794,1991.0
Just the Way You Are,Bruno Mars,https://www.youtube.com/watch?v=LjhCEhWiKXk,2100672898,2010.0
In the End,Linkin Park,https://www.youtube.com/watch?v=eVTXPUF4Oz4,2131843208,2000.0
The Hills,The Weeknd,https://www.youtube.com/watch?v=yzTuBuRdAyA,2254482260,2015.0
Dance Monkey,Tones And I,https://www.youtube.com/watch?v=q0hyYWKXF0Q,2263636026,2019.0
Take on Me,a-ha,https://www.youtube.com/watch?v=djV11Xbc914,2279534403,1985.0
Without Me,Eminem,https://www.youtube.com/watch?v=YVkUvmDQ3HY,2293450684,2002.0
lovely (with Khalid),"Billie Eilish, Khalid",https://www.youtube.com/watch?v=V1Pl8CzNzCw,2309100279,2018.0
Thunder,Imagine Dragons,https://www.youtube.com/watch?v=fKopy74weus,2333202944,2017.0
November Rain,Guns N' Roses,https://www.youtube.com/watch?v=8SbUC-UaAxE,2357774896,1991.0
That's What I Like,Bruno Mars,https://www.youtube.com/watch?v=PMivT7MJ41M,2457062670,2016.0
Something Just Like This,"The Chainsmokers, Coldplay",https://www.youtube.com/watch?v=FM7MFYoylVs,2458836627,2017.0
Numb,Linkin Park,https://www.youtube.com/watch?v=kXYiU_JCYtU,2592236713,2003.0
All of Me,John Legend,https://www.youtube.com/watch?v=450p7goxZqg,2607767950,2013.0
Treat You Better,Shawn Mendes,https://www.youtube.com/watch?v=lY2yjAdbvdQ,2616728105,2017.0
Starboy,"The Weeknd, Daft Punk",https://www.youtube.com/watch?v=34Na4j8AVgA,2669904350,2016.0
Sunflower - Spider-Man: Into the Spider-Verse,"Post Malone, Swae Lee",https://www.youtube.com/watch?v=ApXoWvfEYVU,2799736601,2018.0
Believer,Imagine Dragons,https://www.youtube.com/watch?v=7wtfhZwyrcc,2906806429,2017.0
Stressed Out,Twenty One Pilots,https://www.youtube.com/watch?v=pXRviuL6vMY,3139082117,2015.0
Closer,"The Chainsmokers, Halsey",https://www.youtube.com/watch?v=PT2_F-1esPk,3318658591,2016.0
Let Her Go,Passenger,https://www.youtube.com/watch?v=RBumgq5yVrA,3941112513,2012.0
Thinking out Loud,Ed Sheeran,https://www.youtube.com/watch?v=lp-EO5I60KA,3947246205,2014.0
Sorry,Justin Bieber,https://www.youtube.com/watch?v=fRh_vgS2dFE,4023924544,2015.0
Perfect,Ed Sheeran,https://www.youtube.com/watch?v=2Vv-BfVoq4g,4055263615,2017.0
Counting Stars,OneRepublic,https://www.youtube.com/watch?v=hT_nvWreIhg,4293871391,2013.0
Shape of You,Ed Sheeran,https://www.youtube.com/watch?v=JGwWNGJdvx8,6599614798,2017.0
